Open time,Open,High,Low,Close,Volume,Close time,Base asset volume,Number of trades,Taker buy volume,Taker buy base asset volume,Ignore
2023-01-01,16541.77000000,16628.00000000,16499.01000000,16616.75000000,96925.41374000,2023-01-01 23:59:59.999,1604793789.67721260,3218355,48548.78168000,803841673.83505870,0
2023-01-02,16617.17000000,16799.23000000,16548.70000000,16672.87000000,121888.57191000,2023-01-02 23:59:59.999,2034683215.26787840,4036118,60925.25948000,1017074780.69180630,0
2023-01-03,16672.78000000,16778.40000000,16605.28000000,16675.18000000,159541.53733000,2023-01-03 23:59:59.999,2662765916.32566840,5097596,79595.76246000,1328471402.71367460,0
2023-01-04,16675.65000000,16991.87000000,16652.66000000,16850.36000000,220362.18862000,2023-01-04 23:59:59.999,3709833209.84536520,6310703,109747.11502000,1847617011.38537700,0
2023-01-05,16850.36000000,16879.82000000,16753.00000000,16831.85000000,163473.56641000,2023-01-05 23:59:59.999,2751080253.81773340,4842014,80959.57162000,1362471754.05329920,0
2023-01-06,16831.85000000,17041.00000000,16679.00000000,16950.65000000,207401.28415000,2023-01-06 23:59:59.999,3490305009.68812240,5388661,103320.22965000,1738828235.20230050,0
2023-01-07,16950.31000000,16981.91000000,16908.00000000,16943.57000000,104526.56880000,2023-01-07 23:59:59.999,1770201710.20897340,3227161,51624.83107000,874295207.63651240,0
2023-01-08,16943.83000000,17176.99000000,16911.00000000,17127.83000000,135155.89695000,2023-01-08 23:59:59.999,2291925699.95854550,4036092,67200.60250000,1139647002.76085130,0
2023-01-09,17127.83000000,17398.80000000,17104.66000000,17178.26000000,266211.52723000,2023-01-09 23:59:59.999,4590284350.54616930,6327667,131748.52517000,2271681164.79933240,0
2023-01-10,17179.04000000,17499.00000000,17146.34000000,17440.66000000,221382.42581000,2023-01-10 23:59:59.999,3829247653.73110520,5448751,109377.45606000,1891995855.28760790,0
2023-01-11,17440.64000000,18000.00000000,17315.60000000,17943.26000000,262221.60653000,2023-01-11 23:59:59.999,4586965947.26354980,5627464,129944.56930000,2273368097.02926420,0
2023-01-12,17943.26000000,19117.04000000,17892.05000000,18846.62000000,454568.32178000,2023-01-12 23:59:59.999,8348431207.84600970,8911373,227295.33172000,4174813798.38286060,0
2023-01-13,18846.62000000,20000.00000000,18714.12000000,19930.01000000,368615.87823000,2023-01-13 23:59:59.999,7061633461.44473400,8021774,183448.89377000,3515300890.30505730,0
2023-01-14,19930.01000000,21258.00000000,19888.05000000,20954.92000000,393913.74951000,2023-01-14 23:59:59.999,8183071567.04618820,8659545,197817.55209000,4109568162.17041980,0
2023-01-15,20952.76000000,21050.74000000,20551.01000000,20871.50000000,178542.22549000,2023-01-15 23:59:59.999,3710526606.13896440,5194354,88310.83908000,1835436631.70387060,0
2023-01-16,20872.99000000,21474.05000000,20611.48000000,21185.65000000,293078.08262000,2023-01-16 23:59:59.999,6168654053.04263760,6856434,145352.66942000,3059597458.38535250,0
2023-01-17,21185.65000000,21647.45000000,20841.31000000,21134.81000000,275407.74409000,2023-01-17 23:59:59.999,5840585769.49009330,6440138,137121.64311000,2908227174.24903050,0
2023-01-18,21132.29000000,21650.00000000,20407.15000000,20677.47000000,350916.01949000,2023-01-18 23:59:59.999,7399719195.24672580,7617173,173174.41690000,3652037808.31621500,0
2023-01-19,20677.47000000,21192.00000000,20659.19000000,21071.59000000,251385.84925000,2023-01-19 23:59:59.999,5243024330.01120060,5819932,124924.23436000,2605629874.08902800,0
2023-01-20,21071.59000000,22755.93000000,20861.28000000,22667.21000000,338079.13659000,2023-01-20 23:59:59.999,7256172889.71053270,7382435,170200.04869000,3654038898.27092860,0
2023-01-21,22666.00000000,23371.80000000,22422.00000000,22783.55000000,346445.48432000,2023-01-21 23:59:59.999,7938935168.53201350,7796520,172663.17131000,3956916674.40296310,0
2023-01-22,22783.35000000,23078.71000000,22292.37000000,22707.88000000,253577.75286000,2023-01-22 23:59:59.999,5775552321.54412040,6603827,125842.91663000,2866409820.72257050,0
2023-01-23,22706.02000000,23180.00000000,22500.00000000,22916.45000000,293588.37938000,2023-01-23 23:59:59.999,6704191295.97568070,7258655,145854.70936000,3330927704.48361020,0
2023-01-24,22917.81000000,23162.20000000,22462.93000000,22632.89000000,293158.78254000,2023-01-24 23:59:59.999,6721432962.57384140,7395584,144239.84356000,3307407342.13857970,0
2023-01-25,22631.94000000,23816.73000000,22300.00000000,23060.94000000,346042.83223000,2023-01-25 23:59:59.999,7875590359.11583720,8060446,172647.90115000,3929821773.96511740,0
2023-01-26,23060.42000000,23282.47000000,22850.01000000,23009.65000000,288924.43581000,2023-01-26 23:59:59.999,6664592468.33792820,7181086,143185.08341000,3303064271.05117470,0
2023-01-27,23009.65000000,23500.00000000,22534.88000000,23074.16000000,280833.86315000,2023-01-27 23:59:59.999,6461707755.05391510,7079096,139699.27638000,3214623770.84504020,0
2023-01-28,23074.16000000,23189.00000000,22878.46000000,23022.60000000,148115.71085000,2023-01-28 23:59:59.999,3408985411.31658610,4181816,73861.83566000,1700057503.74953890,0
2023-01-29,23021.40000000,23960.54000000,22967.76000000,23742.30000000,295688.79204000,2023-01-29 23:59:59.999,6941922954.13640640,7030837,149507.50610000,3510026672.79971740,0
2023-01-30,23743.37000000,23800.51000000,22500.00000000,22826.15000000,302405.90121000,2023-01-30 23:59:59.999,7020727239.05965260,7790224,149096.53066000,3461492907.17260580,0
2023-01-31,22827.38000000,23320.00000000,22714.77000000,23125.13000000,264649.34909000,2023-01-31 23:59:59.999,6083858924.53848520,6798411,133028.12717000,3058369006.24069910,0
2023-02-01,23125.13000000,23812.66000000,22760.23000000,23732.66000000,310790.42271000,2023-02-01 23:59:59.999,7212542002.32509920,7863213,156107.58478000,3623730152.71912710,0
2023-02-02,23731.41000000,24255.00000000,23363.27000000,23488.94000000,364177.20751000,2023-02-02 23:59:59.999,8673696845.80511160,9102300,181814.20318000,4330715913.90659360,0
2023-02-03,23489.33000000,23715.70000000,23204.62000000,23431.90000000,332571.02904000,2023-02-03 23:59:59.999,7806490899.91418120,8007846,166143.33246000,3900042090.51636510,0
2023-02-04,23431.90000000,23587.78000000,23253.96000000,23326.84000000,166126.47295000,2023-02-04 23:59:59.999,3886777607.79605080,4852404,81863.93145000,1915443497.68895130,0
2023-02-05,23327.66000000,23433.33000000,22743.00000000,22932.91000000,209251.33917000,2023-02-05 23:59:59.999,4842463016.83393380,5903916,103885.22312000,2404286621.12033370,0
2023-02-06,22932.91000000,23158.25000000,22628.13000000,22762.52000000,265371.60690000,2023-02-06 23:59:59.999,6076050768.11703820,6956395,132350.52989000,3030470974.62453000,0
2023-02-07,22762.52000000,23350.25000000,22745.78000000,23240.46000000,308006.72482000,2023-02-07 23:59:59.999,7085929136.45684950,8293878,154613.24744000,3557209786.51536870,0
2023-02-08,23242.42000000,23452.00000000,22665.85000000,22963.00000000,280056.30717000,2023-02-08 23:59:59.999,6457585647.82065440,7896433,138627.72636000,3196783919.63012260,0
2023-02-09,22961.85000000,23011.39000000,21688.00000000,21796.35000000,402894.69550000,2023-02-09 23:59:59.999,9052973327.19716240,9784291,199309.68374000,4478800426.30285760,0
2023-02-10,21797.83000000,21938.16000000,21451.00000000,21625.19000000,338591.94247000,2023-02-10 23:59:59.999,7369456394.90665450,6993675,167419.66937000,3644087094.70666890,0
2023-02-11,21625.19000000,21906.32000000,21599.78000000,21862.55000000,177021.58433000,2023-02-11 23:59:59.999,3842000897.79758020,4207940,87937.95970000,1908638569.77981010,0
2023-02-12,21862.02000000,22090.00000000,21630.00000000,21783.54000000,204435.65163000,2023-02-12 23:59:59.999,4469822441.43720180,4561903,101194.34699000,2212545781.09311440,0
2023-02-13,21782.37000000,21894.99000000,21351.07000000,21773.97000000,295730.76791000,2023-02-13 23:59:59.999,6404813758.26962980,6503611,147221.38569000,3188732830.19944260,0
2023-02-14,21774.63000000,22319.08000000,21532.77000000,22199.84000000,361958.40109000,2023-02-14 23:59:59.999,7938385476.79208380,7695927,182006.71562000,3991901041.90238260,0
2023-02-15,22199.84000000,24380.00000000,22047.28000000,24324.05000000,375669.16111000,2023-02-15 23:59:59.999,8604133693.66317090,8335550,190798.15520000,4372346767.10361350,0
2023-02-16,24322.87000000,25250.00000000,23505.25000000,23517.72000000,450080.68366000,2023-02-16 23:59:59.999,11074988148.77900860,11006793,224396.77566000,5522891581.32557800,0
2023-02-17,23517.72000000,25021.11000000,23339.37000000,24569.97000000,496813.21376000,2023-02-17 23:59:59.999,11968532252.05732940,10895009,249087.94774000,6001870488.34536700,0
2023-02-18,24568.24000000,24877.00000000,24430.00000000,24631.95000000,216917.25213000,2023-02-18 23:59:59.999,5339920389.51613350,6296097,107467.08761000,2645647445.81960150,0
2023-02-19,24632.05000000,25192.00000000,24192.57000000,24271.76000000,300395.99542000,2023-02-19 23:59:59.999,7408745406.62434370,7660484,149680.28058000,3692030229.98034460,0
2023-02-20,24272.51000000,25121.23000000,23840.83000000,24842.20000000,346938.56997000,2023-02-20 23:59:59.999,8561226688.07291020,9808728,174453.04334000,4305469238.84992180,0
2023-02-21,24843.89000000,25250.00000000,24148.34000000,24452.16000000,376000.82868000,2023-02-21 23:59:59.999,9280992344.42887060,10712371,187029.49757000,4617218785.18770240,0
2023-02-22,24450.67000000,24476.05000000,23574.69000000,24182.21000000,379425.75365000,2023-02-22 23:59:59.999,9101745945.99070800,11395957,188203.74268000,4515001623.43545310,0
2023-02-23,24182.21000000,24599.59000000,23608.00000000,23940.20000000,398400.45437000,2023-02-23 23:59:59.999,9596083721.51295270,11396877,198080.68369000,4771375630.51130810,0
2023-02-24,23940.20000000,24132.35000000,22841.19000000,23185.29000000,343582.57453000,2023-02-24 23:59:59.999,8087524100.39044000,11531424,170263.13353000,4008150118.21679960,0
2023-02-25,23184.04000000,23219.13000000,22722.00000000,23157.07000000,191311.81010000,2023-02-25 23:59:59.999,4406286300.27211680,9124568,94440.13964000,2175283940.90413120,0
2023-02-26,23157.07000000,23689.99000000,23059.18000000,23554.85000000,202323.73623000,2023-02-26 23:59:59.999,4716158181.22558950,9506015,101003.39278000,2354572412.69006830,0
2023-02-27,23554.85000000,23897.99000000,23106.77000000,23492.09000000,283706.08590000,2023-02-27 23:59:59.999,6659785788.32937360,11754195,141360.04845000,3318353869.99525000,0
2023-02-28,23492.09000000,23600.00000000,23020.97000000,23141.57000000,264140.99894000,2023-02-28 23:59:59.999,6172930936.03733470,9568743,131200.82704000,3066249880.67031860,0
2023-03-01,23141.57000000,24000.00000000,23020.03000000,23628.97000000,315287.41737000,2023-03-01 23:59:59.999,7441571085.49540830,9390487,157961.92667000,3728256787.11009410,0
2023-03-02,23629.76000000,23796.93000000,23195.90000000,23465.32000000,239315.45219000,2023-03-02 23:59:59.999,5603770010.23954760,7435815,119522.00584000,2798797976.70041000,0
2023-03-03,23465.32000000,23476.95000000,21971.13000000,22354.34000000,319954.19785000,2023-03-03 23:59:59.999,7167184765.74364950,8214639,156827.31366000,3512245357.18619130,0
2023-03-04,22354.34000000,22410.00000000,22157.08000000,22346.57000000,121257.38132000,2023-03-04 23:59:59.999,2706422995.68025610,4169260,60043.33153000,1340204531.15407010,0
2023-03-05,22346.57000000,22662.09000000,22189.22000000,22430.24000000,154841.75786000,2023-03-05 23:59:59.999,3473011455.18795160,4835978,77394.35765000,1735989090.89956100,0
2023-03-06,22430.24000000,22602.19000000,22258.00000000,22410.00000000,203751.82957000,2023-03-06 23:59:59.999,4569102169.18569090,6471278,102110.26304000,2289889200.16671640,0
2023-03-07,22409.41000000,22557.91000000,21927.00000000,22197.96000000,292519.80912000,2023-03-07 23:59:59.999,6517594938.24605280,7813394,145498.64219000,3242136502.65467320,0
2023-03-08,22198.56000000,22287.00000000,21580.00000000,21705.44000000,301460.57272000,2023-03-08 23:59:59.999,6641171704.24242130,8018963,150008.02488000,3304860256.10499370,0
2023-03-09,21704.37000000,21834.99000000,20042.72000000,20362.22000000,443658.28584000,2023-03-09 23:59:59.999,9403028764.70777380,10076702,217900.59621000,4619803522.04323720,0
2023-03-10,20362.21000000,20367.78000000,19549.09000000,20150.69000000,618456.46710000,2023-03-10 23:59:59.999,12344992788.91249570,12106261,308155.80993000,6151475123.53551420,0
2023-03-11,20150.69000000,20686.51000000,19765.03000000,20455.73000000,427831.82133000,2023-03-11 23:59:59.999,8651590672.46852580,10412300,213151.47855000,4310534195.90929190,0
2023-03-12,20455.73000000,22150.00000000,20270.60000000,21997.11000000,430944.94288000,2023-03-12 23:59:59.999,8982418413.80113910,9721933,218639.06880000,4558127964.92580440,0
2023-03-13,21998.05000000,24500.00000000,21813.88000000,24113.48000000,687889.31259000,2023-03-13 23:59:59.999,15824996078.60563840,14820760,346688.17025000,7976620081.70609870,0
2023-03-14,24112.27000000,26386.87000000,23976.42000000,24670.41000000,699360.93423000,2023-03-14 23:59:59.999,17465307097.88407330,15223589,351739.11994000,8783916247.67613780,0
2023-03-15,24670.41000000,25196.97000000,23896.95000000,24285.66000000,581450.72984000,2023-03-15 23:59:59.999,14291005743.89785140,12613034,291192.86696000,7157472156.96233370,0
2023-03-16,24285.66000000,25167.40000000,24123.00000000,24998.78000000,439421.32998000,2023-03-16 23:59:59.999,10847330151.94100580,10418081,220403.30289000,5441432259.26084610,0
2023-03-17,24998.78000000,27756.84000000,24890.00000000,27395.13000000,624460.68091000,2023-03-17 23:59:59.999,16476681071.24337980,13113359,318022.61356000,8392477832.00232200,0
2023-03-18,27395.13000000,27724.85000000,26578.00000000,26907.49000000,371238.97174000,2023-03-18 23:59:59.999,10135945069.64262880,9948603,185687.70768000,5070480124.59387840,0
2023-03-19,26907.49000000,28390.10000000,26827.22000000,27972.87000000,372066.99054000,2023-03-19 23:59:59.999,10264707987.59416350,9578297,188150.56147000,5191102286.40091840,0
2023-03-20,27972.87000000,28472.00000000,27124.47000000,27717.01000000,477378.23373000,2023-03-20 23:59:59.999,13300424536.51492210,11775950,239765.29148000,6680704887.53214600,0
2023-03-21,27717.01000000,28438.55000000,27303.10000000,28105.47000000,420929.74220000,2023-03-21 23:59:59.999,11760492716.33759010,11530870,210472.34027000,5880942507.63001030,0
2023-03-22,28107.81000000,28868.05000000,26601.80000000,27250.97000000,224113.41296000,2023-03-22 23:59:59.999,6272099822.44962380,3589327,110355.97386000,3089585214.11506410,0
2023-03-23,27250.97000000,28750.00000000,27105.00000000,28295.41000000,128649.60818000,2023-03-23 23:59:59.999,3591123573.11495830,2159091,65172.02479000,1819323637.29034450,0
2023-03-24,28295.42000000,28374.30000000,27000.00000000,27454.47000000,86242.06544000,2023-03-24 23:59:59.999,2403443392.02730140,1511137,41449.56122000,1155147465.73899320,0
2023-03-25,27454.46000000,27787.33000000,27156.09000000,27462.95000000,50844.08102000,2023-03-25 23:59:59.999,1397227639.21413780,1088721,25326.94876000,696042529.08396240,0
2023-03-26,27462.96000000,28194.40000000,27417.76000000,27968.05000000,49671.70353000,2023-03-26 23:59:59.999,1380973402.99612050,1068196,25248.15818000,702028235.05732650,0
2023-03-27,27968.05000000,28023.86000000,26508.14000000,27124.91000000,88039.46898000,2023-03-27 23:59:59.999,2407130888.03460520,1575264,43151.91539000,1179905180.61352780,0
2023-03-28,27124.90000000,27520.00000000,26631.78000000,27261.07000000,78602.44341000,2023-03-28 23:59:59.999,2124533606.76555600,1521981,38972.61486000,1053473599.25876880,0
2023-03-29,27261.06000000,28650.00000000,27240.10000000,28348.60000000,89486.16008000,2023-03-29 23:59:59.999,2519887866.21115870,1704217,45742.08025000,1288220696.49267820,0
2023-03-30,28348.60000000,29184.68000000,27686.00000000,28028.53000000,98865.43256000,2023-03-30 23:59:59.999,2808471938.64244290,1843652,49100.20979000,1394972886.70623690,0
2023-03-31,28028.53000000,28656.69000000,27511.71000000,28465.36000000,78198.12139000,2023-03-31 23:59:59.999,2203253311.77735070,1537349,39636.47111000,1117184234.18685750,0
2023-04-01,28465.36000000,28819.71000000,28220.27000000,28452.73000000,30238.44753000,2023-04-01 23:59:59.999,860804237.45226890,822781,15171.37738000,431931567.48274810,0
2023-04-02,28452.74000000,28530.00000000,27856.43000000,28171.87000000,37365.65692000,2023-04-02 23:59:59.999,1053600933.06768050,938464,17897.01839000,504647268.08636430,0
2023-04-03,28171.87000000,28500.99000000,27200.24000000,27800.00000000,79180.01405000,2023-04-03 23:59:59.999,2214361048.78236680,1651062,40534.82008000,1133865764.09162880,0
2023-04-04,27800.00000000,28444.44000000,27662.79000000,28165.47000000,49722.55691000,2023-04-04 23:59:59.999,1397141464.87503610,1102007,25083.95234000,704845402.41914090,0
2023-04-05,28165.47000000,28775.00000000,27805.10000000,28170.01000000,60737.64732000,2023-04-05 23:59:59.999,1721098539.06605670,1262730,30556.88672000,865971090.17046820,0
2023-04-06,28170.01000000,28182.05000000,27711.00000000,28033.82000000,40118.94963000,2023-04-06 23:59:59.999,1122713087.55618260,934548,19308.64369000,540384260.85680000,0
2023-04-07,28033.83000000,28100.00000000,27766.94000000,27906.33000000,24762.09387000,2023-04-07 23:59:59.999,691323748.92864130,655634,11983.13367000,334559478.47028190,0
2023-04-08,27906.34000000,28154.99000000,27859.02000000,27938.38000000,19479.96735000,2023-04-08 23:59:59.999,545324518.68607540,624159,9729.24214000,272366679.34403870,0
2023-04-09,27938.38000000,28530.00000000,27800.00000000,28323.76000000,32531.16101000,2023-04-09 23:59:59.999,913915923.69519570,777589,16885.70757000,474454325.35692960,0
2023-04-10,28323.76000000,29770.00000000,28170.00000000,29637.34000000,67754.06220000,2023-04-10 23:59:59.999,1955300943.17083050,1285695,36147.62326000,1043138687.59161250,0
2023-04-11,29637.35000000,30550.00000000,29590.00000000,30200.42000000,67990.07621000,2023-04-11 23:59:59.999,2046078278.08211760,1340458,34766.92718000,1046250622.29345680,0
2023-04-12,30200.43000000,30486.00000000,29637.40000000,29888.07000000,62049.48451000,2023-04-12 23:59:59.999,1863497606.14153030,1246556,31136.38576000,935223730.57256700,0
2023-04-13,29888.07000000,30595.00000000,29854.59000000,30373.84000000,51934.11731000,2023-04-13 23:59:59.999,1571091101.12996720,1054144,26767.65298000,809748635.00258690,0
2023-04-14,30373.84000000,31000.00000000,29966.00000000,30466.93000000,75984.19452000,2023-04-14 23:59:59.999,2323267494.38023010,1504180,38406.59006000,1174371283.56516650,0
2023-04-15,30466.93000000,30595.60000000,30202.00000000,30295.09000000,25429.81247000,2023-04-15 23:59:59.999,772211097.61401600,732418,12424.34509000,377293528.31290670,0
2023-04-16,30295.10000000,30549.99000000,30120.00000000,30304.65000000,26431.99322000,2023-04-16 23:59:59.999,801322926.15256510,708233,13163.73591000,399115587.00359810,0
2023-04-17,30304.66000000,30316.06000000,29240.65000000,29430.27000000,56441.81127000,2023-04-17 23:59:59.999,1675287761.43303550,1137294,26880.17771000,797711012.80718160,0
2023-04-18,29430.27000000,30485.00000000,29096.78000000,30380.01000000,62004.89434000,2023-04-18 23:59:59.999,1861001491.97869730,1141562,32417.57068000,972769560.73030390,0
2023-04-19,30380.01000000,30413.53000000,28520.00000000,28797.10000000,86575.48656000,2023-04-19 23:59:59.999,2541283888.30344700,1699891,41467.78872000,1217556267.20109590,0
2023-04-20,28797.10000000,29088.30000000,28010.00000000,28243.65000000,76879.09372000,2023-04-20 23:59:59.999,2198854031.42474610,1434642,36919.58585000,1055949765.77249960,0
2023-04-21,28243.65000000,28374.02000000,27125.00000000,27262.84000000,77684.76790000,2023-04-21 23:59:59.999,2164667611.93546060,1463628,38419.13612000,1070540576.47579210,0
2023-04-22,27262.84000000,27882.72000000,27140.35000000,27816.85000000,36023.69686000,2023-04-22 23:59:59.999,989379475.32182320,859500,18612.89655000,511200971.63622680,0
2023-04-23,27816.85000000,27816.85000000,27311.25000000,27590.60000000,34812.09581000,2023-04-23 23:59:59.999,959389698.75725510,873485,17610.47671000,485328645.69431090,0
2023-04-24,27590.59000000,28000.00000000,26942.82000000,27510.93000000,53111.56874000,2023-04-24 23:59:59.999,1458406515.64042130,1211080,25641.28044000,704079582.65149220,0
2023-04-25,27510.93000000,28399.99000000,27192.00000000,28300.79000000,52325.14637000,2023-04-25 23:59:59.999,1446329375.24273110,1087067,26833.47192000,742069216.99895360,0
2023-04-26,28300.80000000,30036.00000000,27235.00000000,28415.29000000,129228.40403000,2023-04-26 23:59:59.999,3719701461.90916330,2261942,64540.55521000,1857698379.26540040,0
2023-04-27,28415.29000000,29890.00000000,28378.86000000,29472.77000000,95430.82431000,2023-04-27 23:59:59.999,2784859692.36461990,1990148,48601.97474000,1418439305.61790460,0
2023-04-28,29472.77000000,29599.54000000,28891.00000000,29311.70000000,54298.16578000,2023-04-28 23:59:59.999,1590683771.66819790,1129240,26659.21640000,780784851.54703740,0
2023-04-29,29311.69000000,29448.88000000,29031.00000000,29230.45000000,20466.83058000,2023-04-29 23:59:59.999,599466910.04666210,619319,10024.59978000,293627195.70583270,0
2023-04-30,29230.45000000,29969.39000000,29079.59000000,29233.21000000,39752.53720000,2023-04-30 23:59:59.999,1172155267.87618970,949458,19894.27252000,586711670.55607390,0
2023-05-01,29233.20000000,29337.34000000,27666.95000000,28068.26000000,64433.65958000,2023-05-01 23:59:59.999,1828221138.95443980,1362793,30761.92690000,872712018.18082540,0
2023-05-02,28068.26000000,28879.88000000,27872.00000000,28669.86000000,50824.52240000,2023-05-02 23:59:59.999,1441733922.01164440,1174697,24789.36748000,703206831.78018060,0
2023-05-03,28669.85000000,29266.66000000,28113.69000000,29026.16000000,64615.79213000,2023-05-03 23:59:59.999,1845961218.84324360,1502909,32291.20998000,922549963.25075790,0
2023-05-04,29026.16000000,29379.83000000,28663.64000000,28838.16000000,42575.47501000,2023-05-04 23:59:59.999,1233816136.16065770,961542,20470.21240000,593281438.93813760,0
2023-05-05,28838.16000000,29677.00000000,28800.00000000,29505.61000000,58415.83048000,2023-05-05 23:59:59.999,1709786814.90113400,1288027,29071.98606000,850975342.64243030,0
2023-05-06,29505.60000000,29820.00000000,28300.00000000,28848.20000000,49249.28459000,2023-05-06 23:59:59.999,1429517892.78050220,1221021,23315.95073000,676717267.01172240,0
2023-05-07,28848.19000000,29138.29000000,28395.23000000,28430.10000000,30003.41028000,2023-05-07 23:59:59.999,865838535.32638210,855425,14904.01102000,430162358.62942520,0
2023-05-08,28430.09000000,28631.01000000,27262.00000000,27668.79000000,68244.36179000,2023-05-08 23:59:59.999,1903052694.66841270,1600637,32347.56935000,901988104.11036000,0
2023-05-09,27668.80000000,27818.00000000,27353.00000000,27628.27000000,40113.31069000,2023-05-09 23:59:59.999,1106923908.30584690,1003698,20094.09737000,554561922.80537130,0
2023-05-10,27628.28000000,28331.42000000,26777.00000000,27598.75000000,71155.11355000,2023-05-10 23:59:59.999,1971173412.43550200,1534579,34398.83676000,953153016.50961890,0
2023-05-11,27598.74000000,27630.14000000,26702.05000000,26968.62000000,47635.31365000,2023-05-11 23:59:59.999,1295799109.01100400,1257000,23270.11723000,632925807.49257740,0
2023-05-12,26968.61000000,27091.12000000,25811.46000000,26795.01000000,67207.93494000,2023-05-12 23:59:59.999,1777052127.73109300,1351633,33147.27251000,876487224.25504230,0
2023-05-13,26795.01000000,27045.45000000,26692.03000000,26775.28000000,22814.90421000,2023-05-13 23:59:59.999,612062852.08668820,605049,10959.29947000,294038915.03262630,0
2023-05-14,26775.27000000,27200.00000000,26560.53000000,26917.62000000,21594.80360000,2023-05-14 23:59:59.999,580801698.00026930,629537,10672.14983000,287060095.33152760,0
2023-05-15,26917.61000000,27663.59000000,26726.00000000,27162.14000000,40430.08333000,2023-05-15 23:59:59.999,1104633264.13157390,935914,19301.24631000,527237637.33101340,0
2023-05-16,27162.15000000,27296.89000000,26852.11000000,27033.84000000,33270.45451000,2023-05-16 23:59:59.999,900273404.60103310,815642,15970.99932000,432214355.05613440,0
2023-05-17,27033.85000000,27500.00000000,26544.71000000,27405.61000000,42958.97785000,2023-05-17 23:59:59.999,1159714527.63526350,1016823,21634.02212000,584185553.79130670,0
2023-05-18,27405.62000000,27485.33000000,26361.20000000,26821.28000000,49198.65143000,2023-05-18 23:59:59.999,1330745572.69463720,1057318,23659.89374000,640128055.90684370,0
2023-05-19,26821.28000000,27183.60000000,26630.00000000,26880.26000000,28754.13544000,2023-05-19 23:59:59.999,772864757.16330480,756295,13622.24812000,366169697.38708070,0
2023-05-20,26880.26000000,27150.00000000,26825.11000000,27102.43000000,14434.54718000,2023-05-20 23:59:59.999,389225653.74516690,481382,6769.94368000,182562924.63416340,0
2023-05-21,27102.42000000,27277.55000000,26666.03000000,26747.78000000,21347.87279000,2023-05-21 23:59:59.999,575213570.27944220,568937,9855.43959000,265526847.33206750,0
2023-05-22,26747.78000000,27099.89000000,26538.21000000,26849.27000000,26458.83828000,2023-05-22 23:59:59.999,709594996.72427440,717111,12639.67925000,338982776.45968190,0
2023-05-23,26849.28000000,27495.83000000,26798.11000000,27219.61000000,38700.83858000,2023-05-23 23:59:59.999,1054565781.60237520,816399,18966.20117000,516737777.26524950,0
2023-05-24,27219.61000000,27219.61000000,26080.50000000,26329.01000000,54393.06570000,2023-05-24 23:59:59.999,1442636235.45435520,1012767,26698.91191000,707870181.81634380,0
2023-05-25,26329.00000000,26631.98000000,25871.89000000,26473.79000000,37435.44895000,2023-05-25 23:59:59.999,984117789.70176120,753125,17773.08882000,467287939.93959180,0
2023-05-26,26473.80000000,26932.16000000,26327.24000000,26705.92000000,35061.18713000,2023-05-26 23:59:59.999,932817724.59401000,655755,16507.37461000,439209106.74467190,0
2023-05-27,26705.93000000,26895.00000000,26551.00000000,26854.27000000,15095.68670000,2023-05-27 23:59:59.999,403337263.03449080,415694,7152.30076000,191116596.77267230,0
2023-05-28,26854.28000000,28261.32000000,26764.36000000,28065.00000000,43916.00855000,2023-05-28 23:59:59.999,1205762341.97049520,843861,23346.55866000,640869473.60044430,0
2023-05-29,28065.01000000,28447.14000000,27524.60000000,27736.40000000,42385.41945000,2023-05-29 23:59:59.999,1182678581.63466910,805579,20199.85331000,563722083.65919410,0
2023-05-30,27736.39000000,28038.59000000,27554.00000000,27694.40000000,32686.75371000,2023-05-30 23:59:59.999,908653906.00727420,745633,15196.52438000,422438614.85257250,0
2023-05-31,27694.39000000,27835.51000000,26839.01000000,27210.35000000,46588.80573000,2023-05-31 23:59:59.999,1265952178.77986840,908537,21962.66824000,596493723.43926400,0
2023-06-01,27210.36000000,27350.00000000,26605.05000000,26817.93000000,39217.80880000,2023-06-01 23:59:59.999,1055132509.86583420,814389,18620.69161000,500960557.92278290,0
2023-06-02,26817.93000000,27300.00000000,26505.00000000,27242.59000000,36380.90269000,2023-06-02 23:59:59.999,983857061.64084190,811087,18134.67738000,490485191.78806760,0
2023-06-03,27242.59000000,27333.29000000,26914.93000000,27069.22000000,16595.34117000,2023-06-03 23:59:59.999,450588672.47040810,466520,7745.78680000,210327639.56108250,0
2023-06-04,27069.22000000,27455.02000000,26951.00000000,27115.21000000,19258.41049000,2023-06-04 23:59:59.999,523747237.43896960,504474,9511.72432000,258699846.47588030,0
2023-06-05,27115.20000000,27129.33000000,25388.00000000,25728.20000000,65805.60305000,2023-06-05 23:59:59.999,1722665798.09203020,1420829,30583.35138000,799867474.21258980,0
2023-06-06,25728.20000000,27355.33000000,25351.02000000,27230.08000000,68392.60438000,2023-06-06 23:59:59.999,1797636024.08121260,1345725,35083.78790000,922716234.21001140,0
2023-06-07,27230.07000000,27391.77000000,26125.01000000,26339.34000000,59619.44364000,2023-06-07 23:59:59.999,1589291467.53723290,1311928,28095.50924000,749083400.12038920,0
2023-06-08,26339.34000000,26810.00000000,26210.00000000,26498.61000000,31075.51083000,2023-06-08 23:59:59.999,823023638.23687500,848252,14614.60741000,387105933.43997990,0
2023-06-09,26498.62000000,26783.33000000,26269.91000000,26477.81000000,27934.70970000,2023-06-09 23:59:59.999,741158215.05390230,746911,12757.07361000,338454644.89561430,0
2023-06-10,26477.80000000,26533.87000000,25358.00000000,25841.21000000,64944.60108000,2023-06-10 23:59:59.999,1673795235.40089230,1713871,31558.13098000,813190388.24856080,0
2023-06-11,25841.22000000,26206.88000000,25634.70000000,25925.55000000,30014.29595000,2023-06-11 23:59:59.999,776111471.86699710,833902,14266.10759000,368954010.80744420,0
2023-06-12,25925.54000000,26106.48000000,25602.11000000,25905.19000000,29900.50893000,2023-06-12 23:59:59.999,773303698.86332210,858037,14219.97114000,367770742.66004000,0
2023-06-13,25905.20000000,26433.21000000,25712.57000000,25934.25000000,41065.60853000,2023-06-13 23:59:59.999,1068985236.51265540,1007138,20120.32689000,523776704.24149100,0
2023-06-14,25934.24000000,26098.00000000,24820.56000000,25128.60000000,45077.31608000,2023-06-14 23:59:59.999,1152808416.91979290,957418,20726.13761000,530122336.37885320,0
2023-06-15,25128.60000000,25759.01000000,24800.00000000,25598.49000000,48664.86063000,2023-06-15 23:59:59.999,1224436974.85028730,943268,24035.81623000,604884325.24625680,0
2023-06-16,25598.49000000,26518.00000000,25175.56000000,26345.00000000,51596.91662000,2023-06-16 23:59:59.999,1335158158.63961400,926194,24055.65943000,622525707.60499810,0
2023-06-17,26345.01000000,26839.99000000,26181.00000000,26516.99000000,27842.21950000,2023-06-17 23:59:59.999,738491809.88116250,666967,13843.65158000,367248705.00540730,0
2023-06-18,26516.99000000,26700.00000000,26255.85000000,26339.97000000,21538.31022000,2023-06-18 23:59:59.999,571013013.85533620,555956,10367.07533000,274864183.44428690,0
2023-06-19,26339.98000000,27068.09000000,26256.61000000,26844.35000000,35872.65974000,2023-06-19 23:59:59.999,954193987.29481130,732735,17593.19977000,468128198.05453100,0
2023-06-20,26844.35000000,28402.74000000,26652.00000000,28307.99000000,69666.95525000,2023-06-20 23:59:59.999,1912797983.53100540,1189024,35052.57462000,962782935.68992990,0
2023-06-21,28308.00000000,30800.00000000,28257.99000000,29993.89000000,108926.40412000,2023-06-21 23:59:59.999,3210301129.36629090,1872873,55846.96952000,1646165465.24493830,0
2023-06-22,29993.89000000,30500.00000000,29525.61000000,29884.92000000,59054.56460000,2023-06-22 23:59:59.999,1775822103.76325550,1146092,27902.93312000,839284260.17982540,0
2023-06-23,29884.92000000,31431.94000000,29800.00000000,30688.50000000,73931.89635000,2023-06-23 23:59:59.999,2265077496.19546880,1338533,36289.31740000,1112439184.95065560,0
2023-06-24,30688.51000000,30800.00000000,30250.00000000,30527.43000000,30513.30135000,2023-06-24 23:59:59.999,933244397.70400210,776343,14497.56447000,443500647.92208220,0
2023-06-25,30527.44000000,31046.01000000,30277.49000000,30462.66000000,30223.44801000,2023-06-25 23:59:59.999,926316644.41676650,789910,14627.97473000,448414594.55878750,0
2023-06-26,30462.67000000,30666.00000000,29930.00000000,30267.99000000,45180.41489000,2023-06-26 23:59:59.999,1367837657.54518250,954783,22277.58284000,674540668.57266040,0
2023-06-27,30267.99000000,30994.97000000,30226.17000000,30692.44000000,42699.64157000,2023-06-27 23:59:59.999,1306206257.01935710,824373,21151.29517000,647203906.76564110,0
2023-06-28,30692.44000000,30709.74000000,29858.80000000,30077.41000000,40463.51937000,2023-06-28 23:59:59.999,1224103637.61325620,895470,19176.75428000,580226725.83338870,0
2023-06-29,30077.40000000,30843.98000000,30049.98000000,30447.31000000,36330.62903000,2023-06-29 23:59:59.999,1107940389.92424060,758428,17834.38857000,543872730.26172690,0
2023-06-30,30447.31000000,31282.00000000,29500.00000000,30472.00000000,89419.07618000,2023-06-30 23:59:59.999,2726355505.50635030,1559366,44319.81254000,1351735332.85857690,0
2023-07-01,30471.99000000,30661.60000000,30320.57000000,30585.90000000,17501.75075000,2023-07-01 23:59:59.999,533859338.13253830,567975,8102.13876000,247175148.95076600,0
2023-07-02,30585.90000000,30791.00000000,30155.00000000,30617.03000000,23286.41019000,2023-07-02 23:59:59.999,711031423.43344250,591533,10630.24740000,324616031.95816840,0
2023-07-03,30617.02000000,31380.00000000,30570.27000000,31156.20000000,43761.64311000,2023-07-03 23:59:59.999,1352635339.50439350,781855,20885.94331000,645698735.37734940,0
2023-07-04,31156.20000000,31350.69000000,30620.00000000,30766.51000000,33206.11943000,2023-07-04 23:59:59.999,1028794008.52452120,779472,14107.36566000,437126154.08412250,0
2023-07-05,30766.52000000,30878.07000000,30200.00000000,30504.81000000,33215.67122000,2023-07-05 23:59:59.999,1013694790.31705010,827926,15619.11716000,476478254.94341330,0
2023-07-06,30504.80000000,31500.00000000,29850.45000000,29895.43000000,71319.62610000,2023-07-06 23:59:59.999,2181763648.99526960,1397042,33952.63237000,1039137135.29355100,0
2023-07-07,29895.42000000,30449.00000000,29701.02000000,30344.70000000,34070.53895000,2023-07-07 23:59:59.999,1027461795.23320910,912948,14875.86309000,448638761.38389170,0
2023-07-08,30344.70000000,30386.81000000,30044.47000000,30284.63000000,13094.59042000,2023-07-08 23:59:59.999,395759717.57242780,480214,5990.91468000,181083431.19993060,0
2023-07-09,30284.63000000,30445.52000000,30061.12000000,30160.71000000,15388.50196000,2023-07-09 23:59:59.999,465781514.25894760,473168,7017.35093000,212433521.88972890,0
2023-07-10,30160.71000000,31045.78000000,29950.00000000,30411.57000000,41262.87652000,2023-07-10 23:59:59.999,1254289037.74207280,896853,19574.23470000,595390893.14500850,0
2023-07-11,30411.57000000,30813.63000000,30300.00000000,30622.10000000,28476.83311000,2023-07-11 23:59:59.999,868966244.24126920,691213,13670.16079000,417204801.16296210,0
2023-07-12,30622.10000000,30983.25000000,30210.00000000,30380.00000000,38108.99669000,2023-07-12 23:59:59.999,1166497472.43317290,784195,18251.27965000,558742524.93122870,0
2023-07-13,30380.00000000,31804.20000000,30251.00000000,31454.23000000,70772.51836000,2023-07-13 23:59:59.999,2194927210.22441580,1301632,36084.84178000,1119542855.15131710,0
2023-07-14,31454.23000000,31630.00000000,29900.00000000,30312.01000000,60749.48424000,2023-07-14 23:59:59.999,1869443273.74762430,1274387,28513.77996000,877642037.82244150,0
2023-07-15,30312.00000000,30390.90000000,30200.00000000,30289.52000000,14118.55329000,2023-07-15 23:59:59.999,427921094.30217830,488354,6430.54981000,194912673.91192170,0
2023-07-16,30289.52000000,30441.46000000,30064.29000000,30231.99000000,15760.12810000,2023-07-16 23:59:59.999,477189328.00729370,494225,7322.44372000,221713710.22324300,0
2023-07-17,30232.00000000,30336.96000000,29659.20000000,30138.00000000,30882.76839000,2023-07-17 23:59:59.999,929647644.24334300,816466,14352.21893000,432105955.45477030,0
2023-07-18,30138.01000000,30239.78000000,29512.00000000,29859.13000000,30003.86010000,2023-07-18 23:59:59.999,897157095.47741110,754775,13771.19621000,411748868.06291270,0
2023-07-19,29859.14000000,30189.09000000,29761.96000000,29909.21000000,25657.36137000,2023-07-19 23:59:59.999,769254865.28511510,617415,12260.98321000,367624217.91743550,0
2023-07-20,29909.21000000,30417.46000000,29570.96000000,29800.00000000,37540.68193000,2023-07-20 23:59:59.999,1125950643.71164950,749723,18061.33493000,541742405.52049780,0
2023-07-21,29800.00000000,30061.70000000,29726.34000000,29901.72000000,23881.40865000,2023-07-21 23:59:59.999,713123417.76121390,555611,11566.38840000,345404092.64590830,0
2023-07-22,29901.72000000,29999.00000000,29625.10000000,29794.00000000,14660.40467000,2023-07-22 23:59:59.999,437785700.33961020,423988,6725.50525000,200848375.44856950,0
2023-07-23,29793.99000000,30350.00000000,29730.00000000,30083.75000000,18292.78637000,2023-07-23 23:59:59.999,548940321.09158660,519434,8889.35695000,266761143.41169810,0
2023-07-24,30083.75000000,30099.58000000,28861.90000000,29176.50000000,39628.99691000,2023-07-24 23:59:59.999,1162562413.81901540,869107,18047.66786000,529388757.49158140,0
2023-07-25,29176.50000000,29376.00000000,29047.65000000,29228.91000000,21565.74780000,2023-07-25 23:59:59.999,629531351.11456640,533797,10257.29455000,299466722.19760850,0
2023-07-26,29228.91000000,29690.00000000,29096.94000000,29351.96000000,33931.63366000,2023-07-26 23:59:59.999,995569172.13968360,750401,15987.94266000,469155943.83416000,0
2023-07-27,29351.95000000,29567.49000000,29083.85000000,29222.78000000,22476.47626000,2023-07-27 23:59:59.999,659594157.34435760,583045,10384.95749000,304728875.73123620,0
2023-07-28,29222.78000000,29542.22000000,29123.12000000,29314.14000000,23993.61627000,2023-07-28 23:59:59.999,702705076.83786600,543177,11422.36141000,334588917.08832910,0
2023-07-29,29314.14000000,29406.92000000,29256.18000000,29352.90000000,10851.36844000,2023-07-29 23:59:59.999,318276733.87664310,339750,5443.09222000,159659088.16467640,0
2023-07-30,29352.90000000,29449.00000000,29033.24000000,29281.09000000,15706.97441000,2023-07-30 23:59:59.999,459830379.65098240,454846,7720.41654000,226012721.37053510,0
2023-07-31,29281.09000000,29530.00000000,29101.80000000,29232.25000000,22605.48964000,2023-07-31 23:59:59.999,663025204.20723460,563115,11029.22580000,323482162.29208640,0
2023-08-01,29232.26000000,29739.25000000,28585.70000000,29705.99000000,44719.65162000,2023-08-01 23:59:59.999,1299160215.07792410,900141,21831.75056000,634595648.94353090,0
2023-08-02,29705.99000000,30047.50000000,28927.50000000,29186.01000000,48181.65141000,2023-08-02 23:59:59.999,1419729744.64975190,945158,22953.81440000,676256840.27505930,0
2023-08-03,29186.00000000,29433.33000000,28968.00000000,29193.64000000,26476.91994000,2023-08-03 23:59:59.999,773302705.49476290,651970,12901.09228000,376856740.48839370,0
2023-08-04,29193.65000000,29333.08000000,28807.54000000,29113.99000000,23551.95217000,2023-08-04 23:59:59.999,686643453.39309040,544850,10539.62903000,307284659.32142800,0
2023-08-05,29114.00000000,29152.23000000,28978.64000000,29072.13000000,11645.52018000,2023-08-05 23:59:59.999,338478560.12182470,331924,5491.49620000,159611625.16587780,0
2023-08-06,29072.13000000,29205.09000000,28991.88000000,29088.42000000,13178.19720000,2023-08-06 23:59:59.999,383209498.87775050,338654,6471.24487000,188192943.69621700,0
2023-08-07,29088.43000000,29276.78000000,28701.03000000,29211.06000000,30966.87746000,2023-08-07 23:59:59.999,899492595.68127170,671438,15375.49318000,446702609.56457520,0
2023-08-08,29211.06000000,30244.00000000,29146.45000000,29770.42000000,45700.53392000,2023-08-08 23:59:59.999,1352934531.66596730,877168,24189.62133000,716161501.57303640,0
2023-08-09,29770.41000000,30160.00000000,29376.67000000,29581.99000000,38003.88725000,2023-08-09 23:59:59.999,1130396850.09741150,750252,18700.85778000,556446376.25178500,0
2023-08-10,29581.99000000,29738.00000000,29320.20000000,29455.75000000,23463.45373000,2023-08-10 23:59:59.999,692863472.08772490,513691,11204.06553000,330886650.20038180,0
2023-08-11,29455.76000000,29564.52000000,29252.45000000,29426.03000000,20637.04430000,2023-08-11 23:59:59.999,607176051.30153670,437828,9803.94004000,288451712.10020850,0
2023-08-12,29426.02000000,29481.35000000,29381.56000000,29430.17000000,8971.48068000,2023-08-12 23:59:59.999,263949405.54340290,310852,4181.99127000,123039182.15878990,0
2023-08-13,29430.18000000,29474.65000000,29272.32000000,29303.84000000,11101.70947000,2023-08-13 23:59:59.999,326264625.22968240,341726,5257.07008000,154501729.24734910,0
2023-08-14,29303.85000000,29695.32000000,29102.45000000,29430.93000000,31443.11532000,2023-08-14 23:59:59.999,924613476.68179900,671592,15036.11048000,442247506.16738440,0
2023-08-15,29430.92000000,29499.26000000,29059.60000000,29200.00000000,27503.87691000,2023-08-15 23:59:59.999,806683957.31001560,591162,12751.63951000,374046205.25905360,0
2023-08-16,29200.01000000,29259.85000000,28723.08000000,28730.51000000,32996.69854000,2023-08-16 23:59:59.999,959870747.00631420,768028,14761.86053000,429510396.42982370,0
2023-08-17,28730.51000000,28783.48000000,25166.00000000,26623.41000000,100271.54033000,2023-08-17 23:59:59.999,2755821274.34060490,1976577,47495.99471000,1302553963.31062280,0
2023-08-18,26623.41000000,26832.60000000,25619.00000000,26054.00000000,69790.65711000,2023-08-18 23:59:59.999,1834219523.69940400,1293122,33522.24573000,881095856.19440350,0
2023-08-19,26054.00000000,26281.00000000,25801.09000000,26100.01000000,26160.75343000,2023-08-19 23:59:59.999,680623880.82475540,615764,12952.29598000,337010159.81151820,0
2023-08-20,26100.01000000,26299.00000000,25971.05000000,26189.99000000,19056.91209000,2023-08-20 23:59:59.999,497880752.23011580,451543,9909.12930000,258890029.08250630,0
2023-08-21,26190.00000000,26258.42000000,25812.00000000,26126.92000000,30267.24233000,2023-08-21 23:59:59.999,788205156.32159240,565987,14052.07264000,365942107.34064460,0
2023-08-22,26126.92000000,26139.42000000,25300.00000000,26056.00000000,34247.06688000,2023-08-22 23:59:59.999,886782344.16029290,603624,16436.92888000,425661908.61497380,0
2023-08-23,26055.99000000,26819.27000000,25812.82000000,26432.72000000,44023.69978000,2023-08-23 23:59:59.999,1156326251.92241100,673711,21955.66524000,576734438.29540010,0
2023-08-24,26432.71000000,26577.87000000,25864.00000000,26180.05000000,30205.22116000,2023-08-24 23:59:59.999,792966965.89826580,575619,13987.93493000,367233375.41684340,0
2023-08-25,26180.05000000,26314.05000000,25777.15000000,26060.01000000,27753.33772000,2023-08-25 23:59:59.999,722611079.18980740,611438,13258.65894000,345214226.91825400,0
2023-08-26,26060.00000000,26125.77000000,25985.92000000,26017.37000000,10022.22322000,2023-08-26 23:59:59.999,261041530.47580380,329412,4681.90628000,121952627.59767490,0
2023-08-27,26017.38000000,26182.23000000,25966.11000000,26101.77000000,12099.64216000,2023-08-27 23:59:59.999,315548363.01937760,349090,6170.48664000,160918200.39360970,0
2023-08-28,26101.78000000,26253.99000000,25864.50000000,26120.00000000,22692.62655000,2023-08-28 23:59:59.999,591008939.17657000,523057,10912.40549000,284226173.79343950,0
2023-08-29,26120.00000000,28142.85000000,25922.00000000,27716.34000000,74251.99488000,2023-08-29 23:59:59.999,2023326050.75847910,1137083,37945.55071000,1034244032.38146630,0
2023-08-30,27716.34000000,27768.57000000,27017.24000000,27299.99000000,35448.25848000,2023-08-30 23:59:59.999,969086451.16252570,690292,16715.57712000,456926409.72973200,0
2023-08-31,27299.99000000,27587.51000000,25655.01000000,25940.78000000,51032.80401000,2023-08-31 23:59:59.999,1360373186.01167090,944690,24598.11397000,655707233.88490080,0
2023-09-01,25940.77000000,26156.00000000,25333.75000000,25805.05000000,41032.15056000,2023-09-01 23:59:59.999,1059444591.70974940,881179,19960.99030000,515429946.18317240,0
2023-09-02,25805.04000000,25987.50000000,25752.47000000,25869.51000000,16250.77698000,2023-09-02 23:59:59.999,419812969.94685980,567728,7634.91416000,197234437.02204840,0
2023-09-03,25869.52000000,26135.00000000,25800.00000000,25971.21000000,17474.47667000,2023-09-03 23:59:59.999,453100690.10210770,496412,8583.16498000,222581536.02684670,0
2023-09-04,25971.21000000,26108.02000000,25631.21000000,25826.02000000,21777.59609000,2023-09-04 23:59:59.999,563532890.56999930,596830,10177.36860000,263365883.42955560,0
2023-09-05,25826.03000000,25915.49000000,25562.62000000,25792.10000000,21323.39337000,2023-09-05 23:59:59.999,548893707.60020050,566736,9926.65838000,255537038.46609570,0
2023-09-06,25792.11000000,26040.00000000,25372.51000000,25759.95000000,27262.52386000,2023-09-06 23:59:59.999,700763180.80116770,636302,12736.70564000,327416444.78409590,0
2023-09-07,25759.95000000,26443.14000000,25615.38000000,26255.00000000,27687.49567000,2023-09-07 23:59:59.999,718923008.90711830,631929,13506.19156000,350741324.29203730,0
2023-09-08,26255.00000000,26445.50000000,25647.26000000,25910.50000000,28999.76471000,2023-09-08 23:59:59.999,754184537.10969230,646852,14238.89945000,370236844.43140760,0
2023-09-09,25910.50000000,25945.09000000,25796.64000000,25901.61000000,10980.62277000,2023-09-09 23:59:59.999,284109473.80757830,359038,5212.44349000,134863388.76288590,0
2023-09-10,25901.60000000,26033.66000000,25570.57000000,25841.61000000,18738.26914000,2023-09-10 23:59:59.999,483577459.20553450,489773,8747.51072000,225752901.04035010,0
2023-09-11,25841.60000000,25900.69000000,24901.00000000,25162.52000000,41682.32000000,2023-09-11 23:59:59.999,1057371884.66970660,864138,19664.90243000,498821645.38522220,0
2023-09-12,25162.53000000,26567.00000000,25131.48000000,25840.10000000,56434.38537000,2023-09-12 23:59:59.999,1464393036.96166230,1047056,27720.51830000,719147319.97870640,0
2023-09-13,25840.10000000,26405.22000000,25764.17000000,26222.00000000,31610.82753000,2023-09-13 23:59:59.999,825437881.46875910,714880,15287.00038000,399099781.62076480,0
2023-09-14,26222.00000000,26860.49000000,26126.77000000,26522.73000000,38333.17250000,2023-09-14 23:59:59.999,1015267319.77302260,799278,19440.45467000,514863794.37838940,0
2023-09-15,26522.73000000,26888.00000000,26224.00000000,26600.00000000,26227.29369000,2023-09-15 23:59:59.999,695203258.00044450,654094,12600.39115000,334045930.76672120,0
2023-09-16,26599.99000000,26777.00000000,26445.00000000,26559.67000000,13960.93351000,2023-09-16 23:59:59.999,370889866.45927350,526416,6508.91352000,172926781.38884230,0
2023-09-17,26559.67000000,26623.25000000,26399.00000000,26527.51000000,12998.10277000,2023-09-17 23:59:59.999,344703727.56010710,476775,6359.89459000,168675580.01646300,0
2023-09-18,26527.50000000,27409.00000000,26377.35000000,26762.51000000,43000.43256000,2023-09-18 23:59:59.999,1158780347.62530490,938705,21551.71605000,580912488.75943090,0
2023-09-19,26762.50000000,27483.57000000,26667.79000000,27210.26000000,36190.52187000,2023-09-19 23:59:59.999,981539255.55962000,898076,17851.15558000,484061308.12493300,0
2023-09-20,27210.25000000,27388.63000000,26800.00000000,27125.00000000,34207.21867000,2023-09-20 23:59:59.999,927206075.96262730,867288,16983.43086000,460402346.17078340,0
2023-09-21,27125.01000000,27159.60000000,26377.70000000,26568.08000000,34476.82662000,2023-09-21 23:59:59.999,920768143.35131270,823416,16878.78202000,450738363.85069850,0
2023-09-22,26568.08000000,26743.38000000,26468.77000000,26580.14000000,18198.22920000,2023-09-22 23:59:59.999,484331618.94853190,567149,8484.09679000,225805692.72356930,0
2023-09-23,26580.14000000,26632.81000000,26509.00000000,26575.96000000,9440.70260000,2023-09-23 23:59:59.999,250873957.38867380,421717,4387.19730000,116581214.13013300,0
2023-09-24,26575.97000000,26738.54000000,26122.08000000,26248.38000000,15706.65771000,2023-09-24 23:59:59.999,416368301.37368480,545045,7547.06342000,200078452.01675770,0
2023-09-25,26248.39000000,26446.15000000,25990.46000000,26304.81000000,26266.20390000,2023-09-25 23:59:59.999,688252596.38099440,873488,12654.58207000,331622453.15180550,0
2023-09-26,26304.80000000,26397.46000000,26088.34000000,26221.67000000,18495.35066000,2023-09-26 23:59:59.999,485217905.04210480,697727,8813.76144000,231246870.54745880,0
2023-09-27,26221.68000000,26850.00000000,26112.06000000,26372.99000000,34771.57978000,2023-09-27 23:59:59.999,918797815.04848100,939690,16813.75506000,444221386.42614100,0
2023-09-28,26373.00000000,27308.48000000,26342.40000000,27021.39000000,44517.83491000,2023-09-28 23:59:59.999,1193420040.13091850,1158974,22463.19242000,602340703.60150620,0
2023-09-29,27021.39000000,27244.89000000,26665.16000000,26906.96000000,28478.76219000,2023-09-29 23:59:59.999,767827314.93190890,878610,14409.35554000,388591243.25915250,0
2023-09-30,26906.96000000,27094.99000000,26886.31000000,26962.56000000,12804.62307000,2023-09-30 23:59:59.999,345406056.68069530,534908,6221.24272000,167818583.05995750,0
2023-10-01,26962.57000000,28065.51000000,26954.09000000,27992.57000000,24602.81468000,2023-10-01 23:59:59.999,674657121.99442040,883593,12815.98694000,351622961.47012740,0
2023-10-02,27992.58000000,28580.00000000,27281.44000000,27494.51000000,57071.14241000,2023-10-02 23:59:59.999,1600944483.49020640,1464158,28423.61000000,797598852.47977820,0
2023-10-03,27494.51000000,27676.52000000,27160.50000000,27426.46000000,28928.96555000,2023-10-03 23:59:59.999,794301815.42650200,1202377,13562.03527000,372402100.79675110,0
2023-10-04,27426.45000000,27839.72000000,27202.00000000,27778.57000000,29816.14200000,2023-10-04 23:59:59.999,820421385.25578530,1188381,15077.70185000,414806576.34840140,0
2023-10-05,27778.57000000,28120.39000000,27352.00000000,27410.39000000,30681.49619000,2023-10-05 23:59:59.999,849415594.04725040,1210397,14985.99405000,415039706.58664760,0
2023-10-06,27410.39000000,28295.00000000,27175.94000000,27931.09000000,37983.24277000,2023-10-06 23:59:59.999,1052864393.81761350,1326700,19091.24006000,529241188.55736900,0
2023-10-07,27931.10000000,28029.67000000,27842.08000000,27956.67000000,13348.83825000,2023-10-07 23:59:59.999,372820279.52314300,641623,6392.35089000,178534947.77878390,0
2023-10-08,27956.67000000,28095.14000000,27687.50000000,27917.05000000,19693.56921000,2023-10-08 23:59:59.999,549839951.48008110,822730,9216.08271000,257333249.53307720,0
2023-10-09,27917.06000000,27987.93000000,27260.00000000,27590.12000000,31534.74639000,2023-10-09 23:59:59.999,870014634.36216090,1156525,15077.43003000,415887241.10445000,0
2023-10-10,27590.12000000,27735.00000000,27298.00000000,27390.12000000,22776.84383000,2023-10-10 23:59:59.999,626258724.27757830,1002272,10851.22317000,298354384.69814990,0
2023-10-11,27390.12000000,27477.39000000,26538.66000000,26875.52000000,37349.44706000,2023-10-11 23:59:59.999,1007065585.93464060,1336479,17460.07740000,470620209.78574460,0
2023-10-12,26875.52000000,26947.04000000,26555.00000000,26759.63000000,23428.64112000,2023-10-12 23:59:59.999,626909068.38687170,1066082,11128.85943000,297794983.54123170,0
2023-10-13,26759.63000000,27130.00000000,26685.00000000,26862.00000000,24115.76499000,2023-10-13 23:59:59.999,647553796.35806620,1035322,11209.65389000,301049285.74229300,0
2023-10-14,26862.00000000,26989.58000000,26789.00000000,26852.48000000,10417.25576000,2023-10-14 23:59:59.999,280059019.05340130,517837,4378.85219000,117730324.81867290,0
2023-10-15,26852.48000000,27293.33000000,26808.25000000,27154.15000000,15274.69170000,2023-10-15 23:59:59.999,412673965.34393480,682942,7802.69243000,210833694.13443270,0
2023-10-16,27154.14000000,30000.00000000,27112.66000000,28500.78000000,78399.22445000,2023-10-16 23:59:59.999,2210785548.23609620,2289339,40738.04173000,1148700588.67933450,0
2023-10-17,28500.77000000,28613.65000000,28069.32000000,28395.91000000,38428.44532000,2023-10-17 23:59:59.999,1090741746.48308740,1345810,18994.06799000,539218488.34158590,0
2023-10-18,28395.91000000,28982.36000000,28142.87000000,28320.00000000,32162.47591000,2023-10-18 23:59:59.999,914773525.15275810,1215235,15590.14442000,443515753.81707720,0
2023-10-19,28320.00000000,28916.89000000,28100.66000000,28713.71000000,35895.50179000,2023-10-19 23:59:59.999,1023984017.03227880,1330256,18427.23743000,525695852.56325010,0
2023-10-20,28713.71000000,30207.55000000,28578.29000000,29669.04000000,59422.09920000,2023-10-20 23:59:59.999,1753411192.55109090,1915748,29466.75927000,869634841.32812210,0
2023-10-21,29669.05000000,30379.99000000,29464.77000000,29909.80000000,27517.51897000,2023-10-21 23:59:59.999,821964508.43536290,1152137,13836.12444000,413323530.34217960,0
2023-10-22,29909.80000000,30248.00000000,29640.00000000,29992.46000000,22852.54563000,2023-10-22 23:59:59.999,683854827.89693230,1008299,11161.46844000,334011129.23149610,0
2023-10-23,29992.46000000,34741.91000000,29883.60000000,33069.99000000,93513.64246000,2023-10-23 23:59:59.999,2941620022.86518770,2839938,47839.23087000,1505815243.56769950,0
2023-10-24,33069.99000000,35280.00000000,32832.34000000,33922.73000000,115265.02418000,2023-10-24 23:59:59.999,3933194868.16119640,2850160,57409.31981000,1959449469.46579320,0
2023-10-25,33922.73000000,35132.85000000,33679.05000000,34496.05000000,54887.02529000,2023-10-25 23:59:59.999,1888210825.60638280,1643976,26150.50377000,900236395.37262640,0
2023-10-26,34496.05000000,34824.13000000,33751.00000000,34151.66000000,39744.66255000,2023-10-26 23:59:59.999,1363077907.10911990,1382785,18528.43061000,635547858.49281820,0
2023-10-27,34151.66000000,34245.00000000,33390.95000000,33892.02000000,32330.40106000,2023-10-27 23:59:59.999,1096889423.41984200,1112240,14310.32429000,485405697.92440140,0
2023-10-28,33892.01000000,34493.33000000,33860.00000000,34081.00000000,16880.13144000,2023-10-28 23:59:59.999,575936523.34735300,607438,8313.30759000,283656619.58636190,0
2023-10-29,34081.01000000,34750.11000000,33930.00000000,34525.89000000,20685.52176000,2023-10-29 23:59:59.999,711652985.17909640,717480,10053.96096000,345933681.79684670,0
2023-10-30,34525.88000000,34856.00000000,34062.84000000,34474.73000000,33657.95976000,2023-10-30 23:59:59.999,1159771907.64210540,1117727,15237.56781000,525162190.53711940,0
2023-10-31,34474.74000000,34720.49000000,34025.00000000,34639.77000000,32737.89822000,2023-10-31 23:59:59.999,1125442444.48848820,1179053,15843.79500000,544722903.49684810,0
2023-11-01,34639.78000000,35582.00000000,34097.39000000,35421.43000000,53473.28165000,2023-11-01 23:59:59.999,1856348820.47945360,1624635,25779.00290000,895387891.46766650,0
2023-11-02,35421.43000000,35984.99000000,34300.00000000,34941.59000000,48015.57732000,2023-11-02 23:59:59.999,1686141698.09217100,1450837,23303.35350000,818365718.95493110,0
2023-11-03,34941.58000000,34946.50000000,34120.00000000,34716.78000000,39071.20644000,2023-11-03 23:59:59.999,1347962831.56586230,1237373,19168.85669000,661176167.77493460,0
2023-11-04,34716.78000000,35255.00000000,34585.18000000,35062.07000000,18377.55545000,2023-11-04 23:59:59.999,639958598.41983530,794787,9229.16649000,321479754.91729340,0
2023-11-05,35062.06000000,35380.00000000,34448.00000000,35011.88000000,24528.73376000,2023-11-05 23:59:59.999,859350974.00148930,1038468,11870.33193000,415912075.90000270,0
2023-11-06,35011.89000000,35276.33000000,34725.90000000,35046.09000000,22346.47086000,2023-11-06 23:59:59.999,782427702.26532050,988246,10770.27727000,377126281.15309060,0
2023-11-07,35046.09000000,35888.00000000,34523.06000000,35399.12000000,38688.73692000,2023-11-07 23:59:59.999,1358031361.19785270,1352796,19375.26868000,680382009.65994160,0
2023-11-08,35399.13000000,36106.00000000,35100.00000000,35624.72000000,33401.34137000,2023-11-08 23:59:59.999,1185492160.49272780,1132568,17192.82450000,610314635.37988970,0
2023-11-09,35624.72000000,37972.24000000,35534.05000000,36701.09000000,82537.88885000,2023-11-09 23:59:59.999,3033417922.78268170,2138765,42156.81236000,1550254981.04518770,0
2023-11-10,36701.10000000,37526.00000000,36324.71000000,37301.63000000,43414.04898000,2023-11-10 23:59:59.999,1605069174.52410320,1297729,21388.56879000,790671818.76836700,0
2023-11-11,37301.63000000,37408.26000000,36666.93000000,37130.00000000,22984.97235000,2023-11-11 23:59:59.999,851924612.73394270,923300,10728.65792000,397673179.66791970,0
2023-11-12,37129.99000000,37222.22000000,36731.10000000,37064.13000000,17687.18874000,2023-11-12 23:59:59.999,655570813.13827110,810885,8506.46051000,315285367.54474800,0
2023-11-13,37064.13000000,37417.99000000,36333.00000000,36462.93000000,32798.18252000,2023-11-13 23:59:59.999,1208037462.30414440,1217191,15442.44512000,568916594.91131740,0
2023-11-14,36462.93000000,36744.00000000,34800.00000000,35551.19000000,45503.68416000,2023-11-14 23:59:59.999,1639130785.08681010,1404428,21205.18615000,763841642.88087800,0
2023-11-15,35551.20000000,37980.00000000,35360.00000000,37858.20000000,53569.13385000,2023-11-15 23:59:59.999,1963249656.50947370,1545427,28142.14240000,1031669501.99342080,0
2023-11-16,37858.20000000,37929.54000000,35500.00000000,36163.51000000,47490.39566000,2023-11-16 23:59:59.999,1744503339.01517260,1542446,22214.04928000,815932555.13312680,0
2023-11-17,36163.51000000,36800.00000000,35861.10000000,36613.92000000,38283.61112000,2023-11-17 23:59:59.999,1391225051.19232720,1349322,18403.36411000,668865883.14174650,0
2023-11-18,36613.91000000,36845.49000000,36178.58000000,36568.10000000,17102.24186000,2023-11-18 23:59:59.999,624434069.52566340,784498,8101.54756000,295795105.43003230,0
2023-11-19,36568.11000000,37500.00000000,36384.02000000,37359.86000000,21246.34648000,2023-11-19 23:59:59.999,781531839.43715920,862400,10575.25293000,389089868.80634200,0
2023-11-20,37359.85000000,37750.00000000,36677.00000000,37448.78000000,36022.70291000,2023-11-20 23:59:59.999,1343722642.38647510,1485050,17591.22652000,656245983.73971830,0
2023-11-21,37448.79000000,37649.44000000,35735.00000000,35741.65000000,47646.54804000,2023-11-21 23:59:59.999,1756747495.98185460,1936895,22371.42068000,824920009.55786000,0
2023-11-22,35741.65000000,37861.10000000,35632.01000000,37408.34000000,45051.30697000,2023-11-22 23:59:59.999,1657141022.42734800,1648374,23046.71174000,847145468.32595360,0
2023-11-23,37408.35000000,37653.44000000,36870.00000000,37294.28000000,23827.92882000,2023-11-23 23:59:59.999,888826648.85414730,992284,11086.35132000,413539343.94482050,0
2023-11-24,37294.27000000,38414.00000000,37251.51000000,37713.57000000,44680.80646000,2023-11-24 23:59:59.999,1688715728.07914810,1379414,22349.17236000,844803081.63218240,0
2023-11-25,37713.57000000,37888.00000000,37591.10000000,37780.67000000,11396.14464000,2023-11-25 23:59:59.999,430165251.76097490,569448,5153.91116000,194536221.28509410,0
2023-11-26,37780.67000000,37814.63000000,37150.00000000,37447.43000000,21264.53723000,2023-11-26 23:59:59.999,797321193.58939910,848020,10204.51641000,382571274.04607820,0
2023-11-27,37447.42000000,37569.23000000,36707.00000000,37242.70000000,30001.07376000,2023-11-27 23:59:59.999,1112557435.27679220,1238017,14458.63822000,536129095.56684420,0
2023-11-28,37242.70000000,38377.00000000,36868.41000000,37818.87000000,37544.46667000,2023-11-28 23:59:59.999,1414360251.68234560,1272779,18168.56198000,684514270.93887170,0
2023-11-29,37818.88000000,38450.00000000,37570.00000000,37854.64000000,32994.19107000,2023-11-29 23:59:59.999,1252586505.66259010,1131353,15588.96473000,591917955.47439680,0
2023-11-30,37854.65000000,38145.85000000,37500.00000000,37723.96000000,24740.29147000,2023-11-30 23:59:59.999,934491058.96081410,1007791,11484.45424000,433772722.50456340,0
2023-12-01,37723.97000000,38999.00000000,37615.86000000,38682.52000000,43415.66324000,2023-12-01 23:59:59.999,1669750777.62398140,1523417,22408.27301000,861977420.16319520,0
2023-12-02,38682.51000000,39717.14000000,38641.61000000,39450.35000000,26696.92161000,2023-12-02 23:59:59.999,1043421976.76606520,1034690,13166.65386000,514763687.57460090,0
2023-12-03,39450.35000000,40250.00000000,39274.86000000,39972.26000000,26710.65335000,2023-12-03 23:59:59.999,1059860641.04944440,1151524,13333.29632000,529259227.16750920,0
2023-12-04,39972.26000000,42420.00000000,39972.26000000,41991.10000000,79272.33059000,2023-12-04 23:59:59.999,3285736844.14088080,2112219,38595.61905000,1599710862.08717670,0
2023-12-05,41991.10000000,44488.00000000,41414.00000000,44073.32000000,67490.74644000,2023-12-05 23:59:59.999,2890205389.49012660,2072700,34815.80813000,1491813847.23896810,0
2023-12-06,44073.82000000,44297.21000000,43335.28000000,43762.69000000,51431.10492000,2023-12-06 23:59:59.999,2256979505.59480470,1876282,25092.62492000,1101273363.08642960,0
2023-12-07,43762.69000000,44047.33000000,42821.10000000,43273.14000000,47103.26845000,2023-12-07 23:59:59.999,2046945851.88364460,1414759,22635.67672000,983629776.49386140,0
2023-12-08,43273.15000000,44700.00000000,43081.10000000,44170.99000000,42900.37556000,2023-12-08 23:59:59.999,1875581755.44691050,1311268,20818.67861000,910357262.89407300,0
2023-12-09,44171.00000000,44358.02000000,43584.51000000,43713.60000000,24925.97008000,2023-12-09 23:59:59.999,1096487106.56483380,987352,11598.00774000,510255993.86808590,0
2023-12-10,43713.59000000,44049.00000000,43563.00000000,43789.51000000,18956.61758000,2023-12-10 23:59:59.999,830485162.55695350,830667,8841.90643000,387376075.38248430,0
2023-12-11,43789.50000000,43804.50000000,40222.00000000,41253.40000000,76663.89804000,2023-12-11 23:59:59.999,3205540835.51143390,2087142,36499.24269000,1525642878.15210340,0
2023-12-12,41253.41000000,42104.12000000,40680.00000000,41492.39000000,42722.69773000,2023-12-12 23:59:59.999,1773961284.33756360,1526411,21394.91158000,888438328.89153460,0
2023-12-13,41492.38000000,43475.20000000,40555.00000000,42869.03000000,45865.99773000,2023-12-13 23:59:59.999,1919703389.48488040,1724659,22354.97386000,935785466.02258570,0
2023-12-14,42869.03000000,43420.00000000,41400.00000000,43022.26000000,42047.05709000,2023-12-14 23:59:59.999,1798740625.30166000,1599536,20579.79343000,880356342.38151180,0
2023-12-15,43022.26000000,43080.81000000,41666.00000000,41940.30000000,33421.79320000,2023-12-15 23:59:59.999,1416898938.50997890,1323628,16321.13654000,691713304.74858880,0
2023-12-16,41940.29000000,42724.43000000,41605.00000000,42278.03000000,24118.85747000,2023-12-16 23:59:59.999,1020469627.88573310,1180886,12193.50511000,515909440.91009290,0
2023-12-17,42278.02000000,42424.07000000,41252.00000000,41374.65000000,27722.11452000,2023-12-17 23:59:59.999,1161963642.96279640,1227634,13245.86404000,555309260.12794100,0
2023-12-18,41374.64000000,42757.81000000,40542.93000000,42657.80000000,46734.09250000,2023-12-18 23:59:59.999,1936003306.08257260,1741647,23255.79871000,963775419.57314980,0
2023-12-19,42657.80000000,43497.00000000,41811.10000000,42275.99000000,40927.86444000,2023-12-19 23:59:59.999,1747830242.46159370,1609188,20163.65946000,861082883.31101580,0
2023-12-20,42275.99000000,44283.00000000,42206.00000000,43668.93000000,48710.29470000,2023-12-20 23:59:59.999,2115813869.77961900,1934588,23912.13682000,1038694005.77613990,0
2023-12-21,43668.92000000,44242.35000000,43286.72000000,43861.80000000,34624.29384000,2023-12-21 23:59:59.999,1514529919.18777960,1500702,17058.89545000,746266380.76924040,0
2023-12-22,43861.79000000,44398.26000000,43412.54000000,43969.04000000,32783.19638000,2023-12-22 23:59:59.999,1436074497.51285980,1404109,16049.22275000,703199211.03931960,0
2023-12-23,43969.04000000,43988.68000000,43291.10000000,43702.16000000,16557.12930000,2023-12-23 23:59:59.999,722943825.33321760,849658,7765.30564000,339046509.16771960,0
2023-12-24,43702.15000000,43946.00000000,42500.00000000,42991.50000000,25144.33496000,2023-12-24 23:59:59.999,1093460634.88942270,1137678,11841.26614000,514962029.17833470,0
2023-12-25,42991.50000000,43802.32000000,42720.43000000,43576.13000000,27021.23992000,2023-12-25 23:59:59.999,1172053386.51098150,1168428,13691.23930000,593900885.80314620,0
2023-12-26,43576.12000000,43592.68000000,41637.60000000,42508.93000000,41010.04282000,2023-12-26 23:59:59.999,1746333612.30494510,1475816,21096.16634000,898267435.23798300,0
2023-12-27,42508.93000000,43677.00000000,42098.69000000,43428.85000000,36191.21136000,2023-12-27 23:59:59.999,1554082990.05227590,1439770,18982.83267000,815239612.61736400,0
2023-12-28,43428.86000000,43787.57000000,42241.79000000,42563.76000000,35150.52485000,2023-12-28 23:59:59.999,1508408742.37808110,1391826,17422.81910000,747631903.05539890,0
2023-12-29,42563.76000000,43111.00000000,41300.00000000,42066.95000000,42597.18912000,2023-12-29 23:59:59.999,1803086285.24657750,1571137,21195.34128000,897324724.79689550,0
2023-12-30,42066.94000000,42612.32000000,41520.30000000,42140.28000000,22906.57818000,2023-12-30 23:59:59.999,964875790.98493500,936545,11727.69648000,494133887.90718110,0
2023-12-31,42140.29000000,42899.00000000,41965.84000000,42283.58000000,23585.91603000,2023-12-31 23:59:59.999,1001519241.55590540,1016484,11997.14865000,509478742.74451080,0
